create table cb_store (
	sk_store int,
	id_store int,
	desc_store varchar(100)
);

create table cb_location (
	sk_loc int,
	id_loc int,
	desc_loc varchar(100)
);

create table cb_product (
	sk_prod int,
	id_prod int,
	desc_prod varchar(256)
);

create table cb_sale (
	sk_store int,
	sk_loc int,
	sk_prod int,
	dt_sale date,
	id_sale int,
	sale_value double precision,
	sale_profit double precision, 
	sale_quantity double precision, 
	sale_total double precision
);

INSERT INTO cb_store (sk_store, id_store, desc_store) VALUES 
 ('1','4589','AGUAS CLARAS SHOPPING'), 
 ('2','5896','SUDOESTE 1'), 
 ('3','7596','304 SUL'), 
 ('4','1478','IGUATEMI SHOPPING'), 
 ('5','3691','AGUAS CLARAS RUA 5'), 
 ('6','2589','LAGO SUL'),
 ('7','4789','SUDOESTE 2'), 
 ('8','3578','310 SUL'), 
 ('9','4687','108 SUL'), 
 ('10','1973','BSB SHOPPING');

INSERT INTO cb_location (sk_loc, id_loc, desc_loc) VALUES 
 ('1','258','AGUAS CLARAS'), 
 ('2','496','ASA SUL'), 
 ('3','478','ASA NORTE'), 
 ('4','631','SUDOESTE');

INSERT INTO cb_product (sk_prod, id_prod, desc_prod) VALUES 
 ('1','1597','Moqueca de Peixe'), 
 ('2','1606','Camarao a Baiana'), 
 ('3','1647','Bobo de Camarao'), 
 ('4','1655','Lagosta Grelhada'), 
 ('5','1656','Casquinha de Siri'), 
 ('6','1660','Acaraje'), 
 ('7','1595','Carne de Sol'), 
 ('8','1609','Feijoada de Frutos do Mar'), 
 ('9','1623','Espetinho de Camarao'), 
 ('10','1625','Paella');
 

INSERT INTO cb_sale (sk_store, sk_loc, sk_prod, dt_sale, id_sale, sale_value, sale_profit, sale_quantity, sale_total) VALUES 
 ('1','1','1','3/11/2019','248','80','0.02','2','160'), 
 ('1','1','1','2/5/2020','757','530','0.25','1','530'), 
 ('2','4','1','1/10/2019','148','560','0.01','3','1680'), 
 ('2','4','1','2/10/2020','763','120','0.203','4','480'), 
 ('3','2','1','4/16/2019','264','510','0.203','2','1020'), 
 ('3','2','1','1/5/2020','749','20','0.24','2','40'), 
 ('3','2','1','4/10/2020','864','340','0.203','6','2040'), 
 ('6','2','1','5/11/2019','352','700','0.203','9','6300'), 
 ('6','2','1','4/5/2020','858','520','0.24','1','520'), 
 ('7','4','1','2/15/2019','160','900','0.01','6','5400'), 
 ('7','4','1','5/10/2019','354','620','0.203','7','4340'), 
 ('9','2','1','6/10/2019','358','650','0.25','2','1300'), 
 ('9','2','1','6/15/2019','360','260','0.25','5','1300'), 
 ('2','4','1','1/10/2019','151','740','0.25','9','6660'), 
 ('2','4','1','3/11/2019','249','470','0.351','2','940'), 
 ('2','4','1','5/10/2019','348','830','0.01','3','2490'), 
 ('3','2','1','1/5/2020','749','150','0.08','8','1200'), 
 ('4','3','1','1/12/2019','156','710','0.203','6','4260'), 
 ('4','3','1','1/5/2020','748','660','0.25','6','3960'), 
 ('4','3','1','1/5/2020','748','220','0.24','3','660'), 
 ('5','1','1','4/10/2020','859','310','0.1','6','1860'), 
 ('6','2','1','4/5/2020','858','530','0.08','2','1060'), 
 ('8','2','1','6/15/2019','361','840','0.203','8','6720'), 
 ('8','2','1','1/7/2020','756','370','0.203','6','2220'), 
 ('9','2','1','11/6/2019','654','750','0.02','3','2250'), 
 ('1','1','2','3/11/2019','248','540','0.314','3','1620'), 
 ('1','1','2','8/14/2019','463','670','0.203','8','5360'), 
 ('1','1','2','11/6/2019','648','530','0.277','4','2120'), 
 ('1','1','2','2/5/2020','757','180','0.24','10','1800'), 
 ('2','4','2','2/10/2020','763','740','0.02','8','5920'), 
 ('2','4','2','2/10/2020','763','590','0.25','6','3540'), 
 ('2','4','2','4/10/2020','863','380','0.203','9','3420'), 
 ('3','2','2','5/10/2019','349','330','0.314','6','1980'), 
 ('4','3','2','3/11/2019','251','480','0.25','9','4320'), 
 ('4','3','2','3/11/2019','251','520','0.08','2','1040'), 
 ('6','2','2','12/7/2019','658','160','0.203','7','1120'), 
 ('8','2','2','7/9/2019','451','740','0.25','8','5920'), 
 ('8','2','2','11/6/2019','651','320','0.02','1','320'), 
 ('2','4','2','1/10/2019','151','390','0.1','10','3900'), 
 ('2','4','2','5/10/2019','348','140','0.314','9','1260'), 
 ('3','2','2','3/5/2020','849','240','0.24','6','1440'), 
 ('5','1','2','7/9/2019','448','630','0.02','10','6300'), 
 ('6','2','2','12/7/2019','658','360','0.1','4','1440'), 
 ('8','2','2','1/7/2020','756','450','0.203','6','2700'), 
 ('3','2','3','10/13/2019','564','310','0.203','7','2170'), 
 ('4','3','3','1/12/2019','156','920','0.203','9','8280'), 
 ('5','1','3','3/12/2019','252','790','0.203','7','5530'), 
 ('9','2','3','6/10/2019','357','780','0.24','5','3900'), 
 ('9','2','3','1/5/2020','754','650','0.08','1','650'), 
 ('9','2','3','1/5/2020','754','480','0.203','2','960'), 
 ('1','1','4','3/11/2019','248','100','0.351','8','800'), 
 ('6','2','4','12/7/2019','658','180','0.02','9','1620'), 
 ('9','2','4','4/11/2019','258','20','0.277','2','40'), 
 ('9','2','4','6/10/2019','358','570','0.24','5','2850'), 
 ('10','3','4','1/7/2020','753','860','0.203','6','5160'), 
 ('3','2','5','4/16/2019','264','830','0.203','2','1660'), 
 ('3','2','5','5/10/2019','349','110','0.01','4','440'), 
 ('4','3','5','1/10/2019','154','850','0.01','9','7650'), 
 ('4','3','5','12/12/2019','660','430','0.02','4','1720'), 
 ('6','2','5','12/7/2019','658','630','0.25','6','3780'), 
 ('8','2','5','1/5/2020','751','680','0.02','1','680'), 
 ('9','2','5','2/15/2019','163','650','0.02','5','3250'), 
 ('1','1','6','2/5/2020','757','710','0.1','9','6390'), 
 ('1','1','6','4/5/2020','857','260','0.02','5','1300'), 
 ('3','2','6','11/6/2019','649','860','0.203','4','3440'), 
 ('5','1','6','5/10/2019','351','1000','0.25','1','1000'), 
 ('5','1','6','7/9/2019','448','800','0.351','10','8000'), 
 ('9','2','6','6/15/2019','360','880','0.02','1','880'), 
 ('10','3','6','6/15/2019','359','980','0.1','5','4900'), 
 ('1','1','7','2/5/2020','757','620','0.277','4','2480'), 
 ('1','1','7','4/5/2020','857','240','0.24','3','720'), 
 ('3','2','7','2/10/2020','764','290','0.203','1','290'), 
 ('4','3','7','5/10/2019','350','200','0.1','8','1600'), 
 ('4','3','7','1/5/2020','748','530','0.351','10','5300'), 
 ('4','3','7','2/10/2020','760','950','0.1','7','6650'), 
 ('4','3','7','3/5/2020','848','960','0.1','7','6720'), 
 ('5','1','7','12/12/2019','659','10','0.1','9','90'), 
 ('7','4','7','8/9/2019','457','850','0.24','6','5100'), 
 ('8','2','7','7/9/2019','451','330','0.01','1','330'), 
 ('1','1','8','9/7/2019','548','940','0.02','2','1880'), 
 ('4','3','8','1/5/2020','748','120','0.277','5','600'), 
 ('4','3','8','2/10/2020','760','390','0.01','2','780'), 
 ('5','1','8','2/10/2019','157','720','0.25','2','1440'), 
 ('9','2','8','2/15/2019','163','200','0.203','7','1400'), 
 ('9','2','8','7/10/2019','452','770','0.203','8','6160'), 
 ('10','3','8','2/15/2019','164','20','0.203','10','200'), 
 ('5','1','9','5/10/2019','351','110','0.01','2','220'), 
 ('8','2','9','1/5/2020','751','660','0.1','10','6600'), 
 ('9','2','9','6/15/2019','360','810','0.08','8','6480'), 
 ('9','2','9','7/9/2019','454','950','0.25','10','9500'), 
 ('9','2','9','3/6/2020','852','190','0.203','8','1520'), 
 ('2','4','10','2/10/2020','763','710','0.08','5','3550'), 
 ('3','2','10','5/10/2019','349','70','0.25','3','210'), 
 ('3','2','10','8/14/2019','464','30','0.203','6','180'), 
 ('3','2','10','11/6/2019','649','10','0.277','7','70'), 
 ('4','3','10','4/16/2019','263','880','0.203','7','6160'), 
 ('5','1','10','5/10/2019','351','780','0.08','4','3120'), 
 ('6','2','10','2/10/2019','158','900','0.02','5','4500'), 
 ('6','2','10','8/9/2019','458','880','0.08','3','2640'), 
 ('6','2','10','2/5/2020','758','20','0.203','8','160'), 
 ('8','2','10','9/7/2019','551','150','0.01','4','600'), 
 ('9','2','10','6/10/2019','357','810','0.314','5','4050'), 
 ('9','2','10','6/10/2019','358','480','0.314','5','2400'), 
 ('9','2','10','9/8/2019','552','220','0.203','2','440'), 
 ('9','2','10','11/7/2019','652','390','0.203','3','1170');